Tweet,Sentimiento
A los ni√±os con trastorno por d√©ficit de atenci√≥n e hiperactividad ahora se les puede recetar un videojuego‚Ä¶ https://t.co/tFUX4xFZrL,neg
Este estudio utiliz√≥ modelos de transmisi√≥n para calcular la susceptibilidad ante la enfermedad y la relaci√≥n de la‚Ä¶ https://t.co/LZcPEwBGrg,neu
Las acciones de la compa√±√≠a se han disparado m√°s del 250% en lo que va del a√±o. Zoom ahora vale m√°s de 67.000 millo‚Ä¶ https://t.co/pHOGz61Y6C,neg
"RT @deportescnn: MLB: varios jugadores y personal dan positivo por covid-19, seg√∫n reporte https://t.co/xPQBJwj7lY",neg
"La racha campeona del Bayern, entre las m√°s longevas de Europa https://t.co/CnjVcZUfgv",neg
"RT @deportescnn: Entrenador de la NBA: ""No quiero morir por ser negro"" https://t.co/iTGk0aGb3c",pos
Brasil reporta 34.918 nuevos casos de coronavirus en un d√≠a https://t.co/Ym5VxdiiDd https://t.co/Ywx5vQK6VQ,pos
"Jeanine √Å√±ez propuso esta postergaci√≥n luego de una serie de cuestionamientos de sectores pol√≠ticos de Bolivia, que‚Ä¶ https://t.co/knQ9Rb4gdj",neu
Una investigaci√≥n realizada en el Reino Unido encontr√≥ que el esteroide #dexametasona podr√≠a ser clave en el tratam‚Ä¶ https://t.co/OdCLVkPwQL,neu
"RT @deportescnn: La racha campeona del Bayern, entre las m√°s longevas de Europa https://t.co/yrsTE8kgEt",neg
"El equipo dirigido por el alem√°n Jurgen Klopp tiene todo en sus manos para romper el maleficio y coronarse campe√≥n,‚Ä¶ https://t.co/85HVRX1gSF",neu
RT @deportescnn: Dwight Howard: Que nada nos distraiga de lo que est√° sucediendo en el mundo https://t.co/25DSumQ40o,neg
üéß #Podcast ‚Ä¢ En este episodio el @drhuerta explica si se puede evitar una segunda ola de contagios de #coronavirus.‚Ä¶ https://t.co/IhpDuD2Mmp,neg
"Ed√©n Pastora, conocido como ""Comandante Cero"", falleci√≥ este martes a sus 83 a√±os, seg√∫n inform√≥ la vicepresidenta‚Ä¶ https://t.co/EujM9M84QQ",neg
"Luego de que cientos de trabajadores mexicanos en Canad√° se contagiaran de #covid19 y al menos dos murieran, el Gob‚Ä¶ https://t.co/La6uV0nKbd",neg
"Esta es la actual situaci√≥n entre la India y China, que mantienen di√°logos para reducir las tensiones en la fronter‚Ä¶ https://t.co/HC0NLdEFOi",neg
"Will Ripley, corresponsal de CNN y quien ha reportado desde suelo norcoreano en 19 ocasiones, explica c√≥mo tiene qu‚Ä¶ https://t.co/3VqRJDh6mw",neg
"Si te gustan los videojuegos, no te pierdas este video. Te contamos los detalles de ""Madden NFL 21"", el nuevo juego‚Ä¶ https://t.co/iRWZLPVgqx",pos
RT @deportescnn: La larga espera de 30 a√±os del Liverpool https://t.co/c50s7S8qYq,neg
La Reserva Federal de Estados Unidos dio una serie de pasos para impulsar la recuperaci√≥n de los mercados financier‚Ä¶ https://t.co/f9tJYhSfOt,neg
¬øCu√°l es tu canci√≥n favorita de Tupac Shakur? Hoy el rapero cumplir√≠a 49 a√±os y aprovechamos la fecha para recordar‚Ä¶ https://t.co/7qYAiv0DfD,neg
"""Muchos perdieron sus seres queridos o tienen algunos enfermos, as√≠ que este momento de venir a orar es un momento‚Ä¶ https://t.co/QyGLTvgBHp",neg
¬øSue√±as con ir a la Universidad de Harvard? La prestigiosa instituci√≥n no exigir√° dos pruebas de admisi√≥n que fuero‚Ä¶ https://t.co/KAZZoI1QUv,neu
"La dexametasona al usarse por periodo corto, no ha tenido grandes contraindicaciones, tal y como dice el epidemi√≥lo‚Ä¶ https://t.co/zKYI0livun",pos
"¬øC√≥mo afecta a Nicol√°s Maduro la captura del empresario Alex Saab, acusado en Estados Unidos de sobornar a funciona‚Ä¶ https://t.co/0QnAevr3vp",neg
"Al menos 36 civilizaciones activas y con capacidad de comunicaci√≥n podr√≠an existir en nuestra galaxia, seg√∫n un est‚Ä¶ https://t.co/h5u5BZmanl",neg
‚ö†Ô∏è Alerta en Beijing ante un nuevo brote de coronavirus que fue descubierto en un mercado. https://t.co/XJf262765N,neg
Mira c√≥mo funciona la denominada zona aut√≥noma en Seattle (CHAZ). https://t.co/Jj6Gjmscc3,pos
"Hoy en @[Camilo CNN], no te pierdas la historia personal y profesional del Dr. Elmer Huerta. Una hora para conocerl‚Ä¶ https://t.co/OEdEh0guea",neg
#AMLO lament√≥ no atender a familiares de desaparecidos por cuidar el distanciamiento social por pandemia. ¬øQu√© opin‚Ä¶ https://t.co/Y1B0kKgsiR,neg
"üéß #Podcast ‚Ä¢ ¬øC√≥mo podemos evitar una segunda ola de contagios de #covid19? Y, ¬øser√° peor que la primera? El‚Ä¶ https://t.co/YeS2rjtyTW",neg
"La escaladora francesa Luce Douady muri√≥ a los 16 a√±os despu√©s de caerse de un acantilado el domingo, inform√≥ la Fe‚Ä¶ https://t.co/58UoAw5jI2",pos
"Vuelven los centros de est√©tica, cines y gimnasios a Puerto Rico. Te contamos los detalles de la tercera fase de re‚Ä¶ https://t.co/3ozJPLhG7C",pos
"Estados Unidos autoriz√≥ a sus aerol√≠neas a reanudar vuelos a China, lo que terminar√≠a con el enfrentamiento por las‚Ä¶ https://t.co/LGKBxezPGZ",neg
¬øPagar√≠as para hablar por Zoom con tu cantante o deportista favorito? ¬øCu√°nto? La plataforma Cameo ahora te permite‚Ä¶ https://t.co/cqo87MyKzP,neg
"Aprende las se√±ales que te indican que un ni√±o est√° sufriendo actitudes racistas. El Dr. Andr√©s Cotton, vocero de l‚Ä¶ https://t.co/sIz2OpAom9",neg
Te contamos la historia de un grupo de j√≥venes que hacen m√∫sica en una favela de R√≠o de Janeiro y del museo que com‚Ä¶ https://t.co/cZRvVJCHrj,pos
La disputa entre China e India: esto es lo que sabemos de la tensi√≥n en una de las fronteras m√°s largas del mundo https://t.co/XqmLb6MP0S,neg
En el nuevo decreto de reforma policial se espera que se den incentivos para dirigir a las fuerzas locales hac√≠a pa‚Ä¶ https://t.co/PvO9VjaBiU,neu
La FDA aprob√≥ el uso del videojuego EndeavorRX como tratamiento para ni√±os entre 8 y 12 a√±os con ciertos tipos de t‚Ä¶ https://t.co/bgyu7ROYNu,neu
üéß #Podcast ‚Ä¢ En este episodio el @drhuerta explica si se puede evitar una segunda ola de contagios de #coronavirus.‚Ä¶ https://t.co/3OIZ7uq5lG,neg
"Esta plataforma lanzada por Alemania, es de uso voluntario y monitorea a los usuarios que no respetan la distancia‚Ä¶ https://t.co/a9BRjaOiKC",neg
Hoy explicamos el concepto de Inteligencia Cultural con la mira puesta en el crecimiento de un negocio o una marca.‚Ä¶ https://t.co/MxdqAEkGXe,neu
"Corea del Norte hizo estallar la oficina de enlace con Corea del Sur, cerca de la Zona Desmilitarizada, para simbol‚Ä¶ https://t.co/ZzSZCaRPc7",neg
"Con su nuevo sencillo ""Love"", la banda Jesse &amp; Joy busca concientizar sobre las llamadas terapias de conversi√≥n que‚Ä¶ https://t.co/GMPvXEWQF2",neg
"Siguen los operativos policiales por supuestos ""actos contra la democracia"" en Brasil https://t.co/POzaFMpH39",neg
Esteroides pueden reducir en un 35% el riesgo de muerte en pacientes de covid-19 conectados a ventiladores‚Ä¶ https://t.co/EEbZBvxgBT,neg
El impacto del covid-19 en los grandes centros comerciales en Buenos Aires https://t.co/e6sNoqdwAL,neu
M√©xico proh√≠be temporalmente que trabajadores vayan a Canad√° debido al coronavirus https://t.co/tRnX1zL6RE,neg
Trudeau dice que la frontera entre Estados Unidos y Canad√° permanecer√° cerrada hasta al menos el 21 de julio https://t.co/EjVUVYviW4,neg
