Date,Day,Tweet,Retweets,Likes
Jun 17 2020 ,Jun 17,#AMLO dice que se entera de la existencia de la comisi√≥n para la discriminaci√≥n por la pol√©mica con @ChumelTorres ¬ø‚Ä¶ https://t.co/Vcmx9Ra0Cs,1,2
Jun 17 2020 ,Jun 17,¬øC√≥mo reaccionar√≠a Estados Unidos si el Gobierno de L√≥pez Obrador le vendiera gasolina a Venezuela? Compartimos el‚Ä¶ https://t.co/gxs1WJTvdr,7,12
Jun 17 2020 ,Jun 17,"Es el momento perfecto para elegir un nuevo cargador port√°til o de pared, o un cargador que pueda hacer ambas cosas‚Ä¶ https://t.co/dFqJhdUNvf",6,15
Jun 17 2020 ,Jun 17,"""Por supuesto que no"": eso respondi√≥ Fauci cuando le preguntaron si va a ir al evento de campa√±a de Trump‚Ä¶ https://t.co/inQJ1wPyRY",11,45
Jun 17 2020 ,Jun 17,El gobierno federal de EE.UU. qued√≥ con 63 millones de dosis de hidroxicloroquina (que no puede distribuir)‚Ä¶ https://t.co/ZO7gfWAoMj,32,52
Jun 17 2020 ,Jun 17,Brasil reporta 32.188 casos nuevos de covid-19 en un d√≠a https://t.co/2cXnF5xDIj https://t.co/gVN8b8ibjr,41,56
Jun 17 2020 ,Jun 17,"RT @cnncolombia: Carlos Lehder, considerado como uno de los principales capos del narcotr√°fico del mundo, qued√≥ en libertad luego de sortea‚Ä¶",38,0
Jun 17 2020 ,Jun 17,La OMS asegura que 11 vacunas contra el #coronavirus est√°n en fase de ensayos con humanos en todo el mundo. Hacemos‚Ä¶ https://t.co/bkPfALeGTK,77,120
Jun 17 2020 ,Jun 17,‚ö†Ô∏è Per√∫ supera a Italia en n√∫mero de casos confirmados de covid-19 https://t.co/Q1sixQsGAK https://t.co/dIsLRvP36S,112,175
Jun 17 2020 ,Jun 17,"""No se muevan. No se muevan. Solo rel√°jense. Nadie est√° herido. ¬°Por favor! No quiero herir a ninguno"".‚Ä¶ https://t.co/q8OP2EBu7W",17,40
Jun 17 2020 ,Jun 17,"Seg√∫n el extracto publicado en el diario, despu√©s de que Xi se mostrara dispuesto a reabrir las discusiones comerci‚Ä¶ https://t.co/rthDnH9WAJ",22,56
Jun 17 2020 ,Jun 17,¬øQu√© dicen ambos pa√≠ses sobre el incidente? ¬øCu√°l es el origen de este est√© conflicto? Jos√© Levy nos explica los de‚Ä¶ https://t.co/Et7WVSKuF7,17,49
Jun 17 2020 ,Jun 17,"El gobernador de Nueva York, Andrew Coumo, descart√≥ buscar la candidatura presidencial del Partido Dem√≥crata. Esto‚Ä¶ https://t.co/fPHefNvFCy",13,30
Jun 17 2020 ,Jun 17,La 23 veces campeona de torneos de Grand Slam dijo que estaba ansiosa por llegar a la cancha en Nueva York. https://t.co/5kY1k6auGl,13,116
Jun 17 2020 ,Jun 17,AMLO asegur√≥ que que se enter√≥ de la existencia de la Conapred debido a la pol√©mica que se gener√≥ por la cancelaci√≥‚Ä¶ https://t.co/q0Vb0OxR55,19,64
Jun 17 2020 ,Jun 17,"Tenemos que ser el cambio de EE.UU., dice manifestante negro adoptado por familia mexicana. https://t.co/0x5jpohx16",12,84
Jun 17 2020 ,Jun 17,"¬øRecuerdas a Spot, el perro robot que ha sido sensaci√≥n por internet en a√±os? Ahora lo puedes comprar.
https://t.co/I8AlPIalDS",12,32
Jun 17 2020 ,Jun 17,"No s√© cuando voy a poder regresar a mi pa√≠s, dice peruana varada en Italia. Escasez de dinero y un lugar donde qued‚Ä¶ https://t.co/jBVrdun9jK",21,44
Jun 17 2020 ,Jun 17,"RT @deportescnn: Estos son los detalles del formato de la Liga de Campeones para culminar el torneo...
https://t.co/Nk5oEGQh39",6,0
Jun 17 2020 ,Jun 17,üéß #Podcast ‚Ä¢ ¬øEs la dexametasuna una esperanza real para pacientes graves con #coronavirus? El @drhuerta lo analiza‚Ä¶ https://t.co/58xGW2rJmt,17,29
Jun 17 2020 ,Jun 17,"La evoluci√≥n del racismo a veces es sutil, pero no por eso deja de ser da√±ino. Mira lo que tiene que decir al respe‚Ä¶ https://t.co/N00MFl2Zd1",18,41
Jun 17 2020 ,Jun 17,Ministerio de Justicia presenta denuncia penal contra el fiscal general de Bolivia https://t.co/6RjwdLHD18,13,41
Jun 17 2020 ,Jun 17,"El exasesor de seguridad nacional John Bolton afirma que el presidente Donald Trump le pidi√≥ a su hom√≥logo chino, X‚Ä¶ https://t.co/FHN1ajh5DM",117,155
Jun 17 2020 ,Jun 17,"¬øEsperabas la nueva temporada de Fortnite? Ya lleg√≥ y estas son las novedades que debes saber:
https://t.co/XtCxURhYk3",9,29
Jun 17 2020 ,Jun 17,"La NASA lo rechaz√≥ en 11 ocasiones. Sin embargo, persever√≥ una y otra vez hasta que logr√≥ su sue√±o de convertirse e‚Ä¶ https://t.co/ehAjTo3xq9",68,247
Jun 17 2020 ,Jun 17,"El dominicano Manny Cruz le cuenta a @MarielaCNN c√≥mo fue la invitaci√≥n de Elvis Crespo para participar en ""Imagina‚Ä¶ https://t.co/t4086efYZj",6,19
Jun 17 2020 ,Jun 17,¬øC√≥mo se manifiesta el racismo en Am√©rica Latina? Dialogamos sobre el tema con el profesor de Sociolog√≠a Eduardo Bo‚Ä¶ https://t.co/Q7esUQw8KI,27,48
Jun 17 2020 ,Jun 17,"Fiscal√≠a dice que el exagente Rolfe pate√≥ a Rayshard Brooks ""mientras estaba en el suelo, mientras estaba all√≠ luch‚Ä¶ https://t.co/P1LaXmHGPi",13,33
Jun 17 2020 ,Jun 17,Un exactivista evang√©lico habla sobre la sesi√≥n fotogr√°fica del presidente Trump despu√©s de que la polic√≠a expulsar‚Ä¶ https://t.co/PWPsMkQQ6b,9,30
Jun 17 2020 ,Jun 17,"El fiscal explic√≥ varias violaciones a protocolos y reglas de la ciudad, incluyendo que una de las balas impact√≥ ve‚Ä¶ https://t.co/Z9rNgRQiG4",20,45
Jun 17 2020 ,Jun 17,"üéß #Podcast ‚Ä¢ Esta semana dieron a conocer los resultados preliminares de un estudio, a√∫n no publicado, que indica q‚Ä¶ https://t.co/LioYnVmPCr",57,102
Jun 17 2020 ,Jun 17,"√öLTIMA HORA - El fiscal de distrito del condado de Fulton, Paul Howard, anunci√≥ 11 cargos contra el exagente de Atl‚Ä¶ https://t.co/FtUVWJ2kj1",84,264
Jun 17 2020 ,Jun 17,Esta noche en @CamiloCNN no te pierdas la entrevista con la reconocida cantante y actriz mexicana Ang√©lica Mar√≠a. 9‚Ä¶ https://t.co/YSXSRwQdFk,8,100
